source_batch,run_id,scenario_id,repetition,added_authorization_latency_ms,added_authorization_latency_reason,policy_responsible,policy_responsible_reason,configured_policy_hint
2ee75ff6e4ec,managed_7fcaca5c76e22e40,S01,1,,per-request determining-policy spans were not configured,,no determining-policy span was available,ToolPermissions and/or TemporalWrite; non-authoritative
2ee75ff6e4ec,managed_c11aa0365ff121d6,S01,2,,per-request determining-policy spans were not configured,,no determining-policy span was available,ToolPermissions and/or TemporalWrite; non-authoritative
2ee75ff6e4ec,managed_20c4da23d8def87a,S01,3,,per-request determining-policy spans were not configured,,no determining-policy span was available,ToolPermissions and/or TemporalWrite; non-authoritative
2ee75ff6e4ec,managed_402b076d92b6eeb2,S01,4,,per-request determining-policy spans were not configured,,no determining-policy span was available,ToolPermissions and/or TemporalWrite; non-authoritative
2ee75ff6e4ec,managed_f5cc277f02ed4f6e,S01,5,,per-request determining-policy spans were not configured,,no determining-policy span was available,ToolPermissions and/or TemporalWrite; non-authoritative
2ee75ff6e4ec,managed_8ad3f98f7e514a2b,S01,6,,per-request determining-policy spans were not configured,,no determining-policy span was available,ToolPermissions and/or TemporalWrite; non-authoritative
2ee75ff6e4ec,managed_<REDACTED_SESSION>b521,S01,7,,per-request determining-policy spans were not configured,,no determining-policy span was available,ToolPermissions and/or TemporalWrite; non-authoritative
2ee75ff6e4ec,managed_516779c341cca87e,S01,8,,per-request determining-policy spans were not configured,,no determining-policy span was available,ToolPermissions and/or TemporalWrite; non-authoritative
2ee75ff6e4ec,managed_b9f1629111344695,S01,9,,per-request determining-policy spans were not configured,,no determining-policy span was available,ToolPermissions and/or TemporalWrite; non-authoritative
2ee75ff6e4ec,managed_099e2447741cccd8,S01,10,,per-request determining-policy spans were not configured,,no determining-policy span was available,ToolPermissions and/or TemporalWrite; non-authoritative
2ee75ff6e4ec,managed_f6aea5605d02f498,S02,1,,per-request determining-policy spans were not configured,,no determining-policy span was available,ToolPermissions and/or TemporalWrite; non-authoritative
2ee75ff6e4ec,managed_3a85abb97088a75e,S02,2,,per-request determining-policy spans were not configured,,no determining-policy span was available,ToolPermissions and/or TemporalWrite; non-authoritative
2ee75ff6e4ec,managed_af594ac4272da574,S02,3,,per-request determining-policy spans were not configured,,no determining-policy span was available,ToolPermissions and/or TemporalWrite; non-authoritative
2ee75ff6e4ec,managed_cfaf9a41c151f014,S02,4,,per-request determining-policy spans were not configured,,no determining-policy span was available,ToolPermissions and/or TemporalWrite; non-authoritative
2ee75ff6e4ec,managed_0c01a0617e2ba6e4,S02,5,,per-request determining-policy spans were not configured,,no determining-policy span was available,ToolPermissions and/or TemporalWrite; non-authoritative
2ee75ff6e4ec,managed_9bd91a7f10594ae2,S02,6,,per-request determining-policy spans were not configured,,no determining-policy span was available,ToolPermissions and/or TemporalWrite; non-authoritative
2ee75ff6e4ec,managed_f69cf1dfd536142f,S02,7,,per-request determining-policy spans were not configured,,no determining-policy span was available,ToolPermissions and/or TemporalWrite; non-authoritative
2ee75ff6e4ec,managed_62e3bfca7bb43e86,S02,8,,per-request determining-policy spans were not configured,,no determining-policy span was available,ToolPermissions and/or TemporalWrite; non-authoritative
2ee75ff6e4ec,managed_7f99f1db6c04480c,S02,9,,per-request determining-policy spans were not configured,,no determining-policy span was available,ToolPermissions and/or TemporalWrite; non-authoritative
2ee75ff6e4ec,managed_4f9262a4b84a78a9,S02,10,,per-request determining-policy spans were not configured,,no determining-policy span was available,ToolPermissions and/or TemporalWrite; non-authoritative
2ee75ff6e4ec,managed_789a7d6b15501888,S03,1,,per-request determining-policy spans were not configured,,no determining-policy span was available,ToolPermissions and/or TemporalWrite; non-authoritative
2ee75ff6e4ec,managed_635ba3a8f6c92319,S03,2,,per-request determining-policy spans were not configured,,no determining-policy span was available,ToolPermissions and/or TemporalWrite; non-authoritative
2ee75ff6e4ec,managed_fb774170c478302f,S03,3,,per-request determining-policy spans were not configured,,no determining-policy span was available,ToolPermissions and/or TemporalWrite; non-authoritative
2ee75ff6e4ec,managed_bbad6586c8007996,S03,4,,per-request determining-policy spans were not configured,,no determining-policy span was available,ToolPermissions and/or TemporalWrite; non-authoritative
2ee75ff6e4ec,managed_<REDACTED_SESSION>ad37,S03,5,,per-request determining-policy spans were not configured,,no determining-policy span was available,ToolPermissions and/or TemporalWrite; non-authoritative
2ee75ff6e4ec,managed_f2c8067f3931fabf,S03,6,,per-request determining-policy spans were not configured,,no determining-policy span was available,ToolPermissions and/or TemporalWrite; non-authoritative
2ee75ff6e4ec,managed_d59d90ee09522b81,S03,7,,per-request determining-policy spans were not configured,,no determining-policy span was available,ToolPermissions and/or TemporalWrite; non-authoritative
2ee75ff6e4ec,managed_cb87d242d4e29b98,S03,8,,per-request determining-policy spans were not configured,,no determining-policy span was available,ToolPermissions and/or TemporalWrite; non-authoritative
2ee75ff6e4ec,managed_125d1bfcc0f361d5,S03,9,,per-request determining-policy spans were not configured,,no determining-policy span was available,ToolPermissions and/or TemporalWrite; non-authoritative
2ee75ff6e4ec,managed_7d16d62b0fe8aecb,S03,10,,per-request determining-policy spans were not configured,,no determining-policy span was available,ToolPermissions and/or TemporalWrite; non-authoritative
2ee75ff6e4ec,managed_f5b3d6fe2678347e,S04,1,,per-request determining-policy spans were not configured,,no determining-policy span was available,ToolPermissions and/or TemporalWrite; non-authoritative
2ee75ff6e4ec,managed_79e7e25cffa1509e,S04,2,,per-request determining-policy spans were not configured,,no determining-policy span was available,ToolPermissions and/or TemporalWrite; non-authoritative
2ee75ff6e4ec,managed_1b46f603fb22ce61,S04,3,,per-request determining-policy spans were not configured,,no determining-policy span was available,ToolPermissions and/or TemporalWrite; non-authoritative
2ee75ff6e4ec,managed_e495cca5e106c654,S04,4,,per-request determining-policy spans were not configured,,no determining-policy span was available,ToolPermissions and/or TemporalWrite; non-authoritative
2ee75ff6e4ec,managed_d8dfbc3414b33238,S04,5,,per-request determining-policy spans were not configured,,no determining-policy span was available,ToolPermissions and/or TemporalWrite; non-authoritative
2ee75ff6e4ec,managed_f5f5c4eeae714e63,S04,6,,per-request determining-policy spans were not configured,,no determining-policy span was available,ToolPermissions and/or TemporalWrite; non-authoritative
2ee75ff6e4ec,managed_eabcad28e65b97a4,S04,7,,per-request determining-policy spans were not configured,,no determining-policy span was available,ToolPermissions and/or TemporalWrite; non-authoritative
2ee75ff6e4ec,managed_a372acfc276c74b6,S04,8,,per-request determining-policy spans were not configured,,no determining-policy span was available,ToolPermissions and/or TemporalWrite; non-authoritative
2ee75ff6e4ec,managed_b8334245a742293f,S04,9,,per-request determining-policy spans were not configured,,no determining-policy span was available,ToolPermissions and/or TemporalWrite; non-authoritative
2ee75ff6e4ec,managed_9376dcbfcf7aa595,S04,10,,per-request determining-policy spans were not configured,,no determining-policy span was available,ToolPermissions and/or TemporalWrite; non-authoritative
2ee75ff6e4ec,managed_1e92e01be3747da2,S05,1,,per-request determining-policy spans were not configured,,no determining-policy span was available,ToolPermissions and/or TemporalWrite; non-authoritative
2ee75ff6e4ec,managed_91d2f9437608d71f,S05,2,,per-request determining-policy spans were not configured,,no determining-policy span was available,ToolPermissions and/or TemporalWrite; non-authoritative
2ee75ff6e4ec,managed_2bb4ac04365c590d,S05,3,,per-request determining-policy spans were not configured,,no determining-policy span was available,ToolPermissions and/or TemporalWrite; non-authoritative
2ee75ff6e4ec,managed_2082a803ee85e56e,S05,4,,per-request determining-policy spans were not configured,,no determining-policy span was available,ToolPermissions and/or TemporalWrite; non-authoritative
2ee75ff6e4ec,managed_9467b35b192bae71,S05,5,,per-request determining-policy spans were not configured,,no determining-policy span was available,ToolPermissions and/or TemporalWrite; non-authoritative
2ee75ff6e4ec,managed_94249a30fe8256c7,S05,6,,per-request determining-policy spans were not configured,,no determining-policy span was available,ToolPermissions and/or TemporalWrite; non-authoritative
2ee75ff6e4ec,managed_648f9e5d6398e570,S05,7,,per-request determining-policy spans were not configured,,no determining-policy span was available,ToolPermissions and/or TemporalWrite; non-authoritative
2ee75ff6e4ec,managed_f500cec291e9b89c,S05,8,,per-request determining-policy spans were not configured,,no determining-policy span was available,ToolPermissions and/or TemporalWrite; non-authoritative
2ee75ff6e4ec,managed_c26ca8a2121c8065,S05,9,,per-request determining-policy spans were not configured,,no determining-policy span was available,ToolPermissions and/or TemporalWrite; non-authoritative
2ee75ff6e4ec,managed_5dad3d8938926d53,S05,10,,per-request determining-policy spans were not configured,,no determining-policy span was available,ToolPermissions and/or TemporalWrite; non-authoritative
2ee75ff6e4ec,managed_72cb3164ad2040ea,S06,1,,per-request determining-policy spans were not configured,,no determining-policy span was available,ToolPermissions and/or TemporalWrite; non-authoritative
2ee75ff6e4ec,managed_06a0b805c0b70359,S06,2,,per-request determining-policy spans were not configured,,no determining-policy span was available,ToolPermissions and/or TemporalWrite; non-authoritative
2ee75ff6e4ec,managed_dac05db96895b65e,S06,3,,per-request determining-policy spans were not configured,,no determining-policy span was available,ToolPermissions and/or TemporalWrite; non-authoritative
2ee75ff6e4ec,managed_35a630998eb0e43c,S06,4,,per-request determining-policy spans were not configured,,no determining-policy span was available,ToolPermissions and/or TemporalWrite; non-authoritative
2ee75ff6e4ec,managed_053905ff6cb694ed,S06,5,,per-request determining-policy spans were not configured,,no determining-policy span was available,ToolPermissions and/or TemporalWrite; non-authoritative
2ee75ff6e4ec,managed_a32f4a52baa90a22,S06,6,,per-request determining-policy spans were not configured,,no determining-policy span was available,ToolPermissions and/or TemporalWrite; non-authoritative
2ee75ff6e4ec,managed_90aaa76e0450ee77,S06,7,,per-request determining-policy spans were not configured,,no determining-policy span was available,ToolPermissions and/or TemporalWrite; non-authoritative
2ee75ff6e4ec,managed_9c708f2af270177a,S06,8,,per-request determining-policy spans were not configured,,no determining-policy span was available,ToolPermissions and/or TemporalWrite; non-authoritative
2ee75ff6e4ec,managed_6ce5c2af526f940b,S06,9,,per-request determining-policy spans were not configured,,no determining-policy span was available,ToolPermissions and/or TemporalWrite; non-authoritative
2ee75ff6e4ec,managed_1868bd942dd34097,S06,10,,per-request determining-policy spans were not configured,,no determining-policy span was available,ToolPermissions and/or TemporalWrite; non-authoritative
2ee75ff6e4ec,managed_6a0f0f101db4bbae,S07,1,,per-request determining-policy spans were not configured,,no determining-policy span was available,ToolPermissions and/or TemporalWrite; non-authoritative
2ee75ff6e4ec,managed_e81317754dedfe1e,S07,2,,per-request determining-policy spans were not configured,,no determining-policy span was available,ToolPermissions and/or TemporalWrite; non-authoritative
2ee75ff6e4ec,managed_400215047db38a8c,S07,3,,per-request determining-policy spans were not configured,,no determining-policy span was available,ToolPermissions and/or TemporalWrite; non-authoritative
2ee75ff6e4ec,managed_c265085947de8c24,S07,4,,per-request determining-policy spans were not configured,,no determining-policy span was available,ToolPermissions and/or TemporalWrite; non-authoritative
2ee75ff6e4ec,managed_c4f7f59e1a8219e2,S07,5,,per-request determining-policy spans were not configured,,no determining-policy span was available,ToolPermissions and/or TemporalWrite; non-authoritative
2ee75ff6e4ec,managed_9024a5ce1db29a4b,S07,6,,per-request determining-policy spans were not configured,,no determining-policy span was available,ToolPermissions and/or TemporalWrite; non-authoritative
2ee75ff6e4ec,managed_5ee926591cf1496a,S07,7,,per-request determining-policy spans were not configured,,no determining-policy span was available,ToolPermissions and/or TemporalWrite; non-authoritative
2ee75ff6e4ec,managed_f038024fab2e079f,S07,8,,per-request determining-policy spans were not configured,,no determining-policy span was available,ToolPermissions and/or TemporalWrite; non-authoritative
2ee75ff6e4ec,managed_e440180dfaa20991,S07,9,,per-request determining-policy spans were not configured,,no determining-policy span was available,ToolPermissions and/or TemporalWrite; non-authoritative
2ee75ff6e4ec,managed_2de9288c7ffdd7fb,S07,10,,per-request determining-policy spans were not configured,,no determining-policy span was available,ToolPermissions and/or TemporalWrite; non-authoritative
8d21c017f03f,managed_f4af296b59d8b28d,S08,1,,per-request determining-policy spans were not configured,,no determining-policy span was available,ToolPermissions and/or TemporalWrite; non-authoritative
8d21c017f03f,managed_0068968a2b1d5014,S08,2,,per-request determining-policy spans were not configured,,no determining-policy span was available,ToolPermissions and/or TemporalWrite; non-authoritative
8d21c017f03f,managed_bdf07f42e3dcd409,S08,3,,per-request determining-policy spans were not configured,,no determining-policy span was available,ToolPermissions and/or TemporalWrite; non-authoritative
8d21c017f03f,managed_62bea6170fedb9a5,S08,4,,per-request determining-policy spans were not configured,,no determining-policy span was available,ToolPermissions and/or TemporalWrite; non-authoritative
8d21c017f03f,managed_329e5927e7222d5d,S08,5,,per-request determining-policy spans were not configured,,no determining-policy span was available,ToolPermissions and/or TemporalWrite; non-authoritative
8d21c017f03f,managed_8f9dd4876abc8ae6,S08,6,,per-request determining-policy spans were not configured,,no determining-policy span was available,ToolPermissions and/or TemporalWrite; non-authoritative
8d21c017f03f,managed_277bcfd7475af84b,S08,7,,per-request determining-policy spans were not configured,,no determining-policy span was available,ToolPermissions and/or TemporalWrite; non-authoritative
8d21c017f03f,managed_7e593b5a61d26114,S08,8,,per-request determining-policy spans were not configured,,no determining-policy span was available,ToolPermissions and/or TemporalWrite; non-authoritative
8d21c017f03f,managed_957eecc4ecbe0f6d,S08,9,,per-request determining-policy spans were not configured,,no determining-policy span was available,ToolPermissions and/or TemporalWrite; non-authoritative
8d21c017f03f,managed_8873fb5b8a4f5622,S08,10,,per-request determining-policy spans were not configured,,no determining-policy span was available,ToolPermissions and/or TemporalWrite; non-authoritative
2ee75ff6e4ec,managed_eff3a739394050bc,S09,1,,per-request determining-policy spans were not configured,,no determining-policy span was available,ToolPermissions and/or TemporalWrite; non-authoritative
2ee75ff6e4ec,managed_f2a031f9e48f2180,S09,2,,per-request determining-policy spans were not configured,,no determining-policy span was available,ToolPermissions and/or TemporalWrite; non-authoritative
2ee75ff6e4ec,managed_89b06f04bf356ebd,S09,3,,per-request determining-policy spans were not configured,,no determining-policy span was available,ToolPermissions and/or TemporalWrite; non-authoritative
2ee75ff6e4ec,managed_f82e19bbe1145c87,S09,4,,per-request determining-policy spans were not configured,,no determining-policy span was available,ToolPermissions and/or TemporalWrite; non-authoritative
2ee75ff6e4ec,managed_0e64d2501bf05e1b,S09,5,,per-request determining-policy spans were not configured,,no determining-policy span was available,ToolPermissions and/or TemporalWrite; non-authoritative
2ee75ff6e4ec,managed_8aedc4545540fc61,S09,6,,per-request determining-policy spans were not configured,,no determining-policy span was available,ToolPermissions and/or TemporalWrite; non-authoritative
2ee75ff6e4ec,managed_4c8ac8bc48d6de2c,S09,7,,per-request determining-policy spans were not configured,,no determining-policy span was available,ToolPermissions and/or TemporalWrite; non-authoritative
2ee75ff6e4ec,managed_1076ca73a3a6e501,S09,8,,per-request determining-policy spans were not configured,,no determining-policy span was available,ToolPermissions and/or TemporalWrite; non-authoritative
2ee75ff6e4ec,managed_a74478dab4e00d6e,S09,9,,per-request determining-policy spans were not configured,,no determining-policy span was available,ToolPermissions and/or TemporalWrite; non-authoritative
2ee75ff6e4ec,managed_e0db5567805ef928,S09,10,,per-request determining-policy spans were not configured,,no determining-policy span was available,ToolPermissions and/or TemporalWrite; non-authoritative
2ee75ff6e4ec,managed_1fa8cdee28b9f934,S10,1,,per-request determining-policy spans were not configured,,no determining-policy span was available,ToolPermissions and/or TemporalWrite; non-authoritative
2ee75ff6e4ec,managed_c5f67fbf752e59bb,S10,2,,per-request determining-policy spans were not configured,,no determining-policy span was available,ToolPermissions and/or TemporalWrite; non-authoritative
2ee75ff6e4ec,managed_8e8e02dba72d9d95,S10,3,,per-request determining-policy spans were not configured,,no determining-policy span was available,ToolPermissions and/or TemporalWrite; non-authoritative
2ee75ff6e4ec,managed_07a6365a0af25098,S10,4,,per-request determining-policy spans were not configured,,no determining-policy span was available,ToolPermissions and/or TemporalWrite; non-authoritative
2ee75ff6e4ec,managed_8b12df6d2528edc5,S10,5,,per-request determining-policy spans were not configured,,no determining-policy span was available,ToolPermissions and/or TemporalWrite; non-authoritative
2ee75ff6e4ec,managed_1608b51278d23817,S10,6,,per-request determining-policy spans were not configured,,no determining-policy span was available,ToolPermissions and/or TemporalWrite; non-authoritative
2ee75ff6e4ec,managed_65f1a87dcbe8320d,S10,7,,per-request determining-policy spans were not configured,,no determining-policy span was available,ToolPermissions and/or TemporalWrite; non-authoritative
2ee75ff6e4ec,managed_a81f24ede07c4ea5,S10,8,,per-request determining-policy spans were not configured,,no determining-policy span was available,ToolPermissions and/or TemporalWrite; non-authoritative
2ee75ff6e4ec,managed_8b798299431f54bb,S10,9,,per-request determining-policy spans were not configured,,no determining-policy span was available,ToolPermissions and/or TemporalWrite; non-authoritative
2ee75ff6e4ec,managed_dfd1b025f8cdb4d3,S10,10,,per-request determining-policy spans were not configured,,no determining-policy span was available,ToolPermissions and/or TemporalWrite; non-authoritative
2ee75ff6e4ec,managed_7d2ae2cc324c654e,S11,1,,per-request determining-policy spans were not configured,,no determining-policy span was available,ToolPermissions and/or TemporalWrite; non-authoritative
2ee75ff6e4ec,managed_c6409e7f3aea18c4,S11,2,,per-request determining-policy spans were not configured,,no determining-policy span was available,ToolPermissions and/or TemporalWrite; non-authoritative
2ee75ff6e4ec,managed_9fdc6b63cf1bc735,S11,3,,per-request determining-policy spans were not configured,,no determining-policy span was available,ToolPermissions and/or TemporalWrite; non-authoritative
2ee75ff6e4ec,managed_cbb4354aa2fcfd03,S11,4,,per-request determining-policy spans were not configured,,no determining-policy span was available,ToolPermissions and/or TemporalWrite; non-authoritative
2ee75ff6e4ec,managed_a2a29623d68252d0,S11,5,,per-request determining-policy spans were not configured,,no determining-policy span was available,ToolPermissions and/or TemporalWrite; non-authoritative
2ee75ff6e4ec,managed_53c9fac978709259,S11,6,,per-request determining-policy spans were not configured,,no determining-policy span was available,ToolPermissions and/or TemporalWrite; non-authoritative
2ee75ff6e4ec,managed_798bbec3df3a8cda,S11,7,,per-request determining-policy spans were not configured,,no determining-policy span was available,ToolPermissions and/or TemporalWrite; non-authoritative
2ee75ff6e4ec,managed_1fdb5e909af28fb0,S11,8,,per-request determining-policy spans were not configured,,no determining-policy span was available,ToolPermissions and/or TemporalWrite; non-authoritative
2ee75ff6e4ec,managed_f57567505ae1df6f,S11,9,,per-request determining-policy spans were not configured,,no determining-policy span was available,ToolPermissions and/or TemporalWrite; non-authoritative
2ee75ff6e4ec,managed_a3eba7f951d4c083,S11,10,,per-request determining-policy spans were not configured,,no determining-policy span was available,ToolPermissions and/or TemporalWrite; non-authoritative
